Description	amt	prc
Здійснення законотворчої діяльності Верховної Ради України	625216.3	0.489119271
Обслуговування та організаційне, інформаційно-аналітичне, матеріально-технічне забезпечення діяльності Верховної Ради України	443671.2	0.171237927
Висвітлення діяльності  Верховної  Ради  України через  засоби  телебачення  і радіомовлення та фінансова підтримка видання газети "Голос України"	59511.9	1.050909933
Обслуговування та організаційне, інформаційно-аналітичне, матеріально-технічне забезпечення діяльності Президента України та Адміністрації Президента України	746629.8	0.630331168
Виготовлення державних нагород та пам'ятних знаків	20450.9	0.277367246
Фінансова підтримка санаторно-курортних закладів та закладів оздоровлення	83403.9	0.343031165
Фундаментальні та прикладні наукові дослідження у сфері державного управління, стратегічних проблем внутрішньої та зовнішньої політики і з питань посередництва та примирення при вирішенні колективних трудових спорів (конфліктів)	50000.5	0.366640776
Підготовка кадрів, підвищення кваліфікації керівних працівників, спеціалістів державного управління, підготовка науково-педагогічних і наукових кадрів з питань стратегічних проблем внутрішньої і зовнішньої політики	223279.5	0.363640381
Збереження природно-заповідного фонду в національних природних парках та заповідниках 	55560	0.50133245
Надання  медичних  послуг  медичними  закладами 	642714.6	0.440141823
Фінансова підтримка Національного камерного ансамблю "Київські солісти", Національного культурно-мистецького та музейного комплексу "Мистецький арсенал", інформаційного бюлетеня "Офіційний вісник Президента України" 	51078.3	2.166793736
Виплата Державних премій України	1311.5	0.366145833
Реставрація та пристосування Маріїнського палацу в м. Києві 	200000	1.106017591
Сприяння врегулюванню колективних трудових спорів (конфліктів)	21927.8	0.71127606
Обслуговування та організаційне, інформаційно-аналітичне та матеріально-технічне забезпечення діяльності Кабінету Міністрів України 	398415.3	0.485850314
Фінансова підтримка газети "Урядовий кур'єр"	4361.1	0.116346117
Інформаційно-аналітичне та організаційне забезпечення оперативного реагування органів виконавчої влади	24845.2	0.029446946
Підтримка реалізації комплексної реформи державного управління	300000	-
Забезпечення розслідування авіаційних подій та інцидентів з цивільними повітряними суднами Національним бюро 	9410.4	0.31366526
Керівництво та управління у сфері електронного урядування	14002.6	-
Електронне урядування та Національна програма інформатизації	235000	-
Керівництво та управління у сфері контролю за витрачанням бюджетних коштів	414671.7	-
Забезпечення здійснення правосуддя місцевими, апеляційними та вищими спеціалізованими судами	8627128.1	0.400762006
Виконання рішень судів на користь суддів  та працівників апаратів судів	5000	0.755645909
Здійснення правосуддя Верховним Судом України	1012901.8	7.028258821
Здійснення правосуддя Вищим спеціалізованим судом України з розгляду цивільних і кримінальних справ	138050.2	-0.006338856
Здійснення правосуддя Вищим господарським судом України	148944.2	0.228089795
Здійснення правосуддя Вищим адміністративним судом України	96053.3	-0.199808653
Забезпечення конституційної юрисдикції в Україні	173192.3	0.746581607
Здійснення прокурорсько-слідчої діяльності, підготовка та підвищення кваліфікації кадрів прокуратури	4896431.6	0.590487175
Забезпечення функцій Спеціалізованою антикорупційною прокуратурою	119426.7	1.593697177
Керівництво та управління діяльністю Міністерства внутрішніх справ України	278221.9	0.277815917
Реалізація державної політики у сфері внутрішніх справ, забезпечення виконання завдань і функцій органів, установ та закладів Міністерства внутрішніх справ України	2432475.4	0.01513736
Підготовка кадрів вищими навчальними закладами із специфічними умовами навчання	1136404.3	0.023045414
Медичне забезпечення працівників Міністерства внутрішніх справ України, поліцейських та працівників Національної поліції України	1137951.8	0.080630707
Наукове та інформаційно-аналітичне забезпечення заходів по боротьбі з організованою злочинністю і корупцією	4138.9	0.000894757
Державна підтримка фізкультурно-спортивного товариства "Динамо" України на організацію та проведення роботи з розвитку фізичної культури і спорту серед працівників і військовослужбовців правоохоронних органів	18905.7	0.124495442
Видатки для Міністерства внутрішніх справ України на реалізацію заходів щодо підвищення обороноздатності і безпеки держави	500000	-
Керівництво та управління у сфері охорони державного кордону України	148548.1	0.278792373
Матеріально-технічне забезпечення Державної прикордонної служби України та утримання її особового складу	6181144.7	0.023495678
Підготовка кадрів та підвищення кваліфікації Національною академією Державної прикордонної служби України	245649.2	0.034231779
Будівництво (придбання) житла для військовослужбовців Державної прикордонної служби України	200000	-0.130426144
Розвідувальна діяльність у сфері захисту державного кордону	83015.9	0.158463938
Заходи з інженерно-технічного облаштування кордону	200000	0
Реалізація проекту з модернізації автоматизованих систем прикордонного контролю	4846.8	-
Керівництво та управління Національною гвардією України	182789.2	0.256167732
Забезпечення виконання завдань та функцій Національної гвардії України	8499726.8	-0.025572623
Підготовка кадрів для Національної гвардії України вищими навчальними закладами	345379.4	0.165394118
Стаціонарне лікування військовослужбовців Національної гвардії України у власних медичних закладах	56104.6	0.521068209
Будівництво (придбання) житла для військовослужбовців Національної гвардії України	200000	0.642036125
Видатки для Національної гвардії України на реалізацію заходів щодо підвищення обороноздатності і безпеки держави	700000	-
Керівництво та управління у сфері міграції, громадянства, імміграції та реєстрації фізичних осіб	59043	0.565008294
Забезпечення виконання завдань та функцій у сфері громадянства, імміграції та реєстрації фізичних осіб	1945632.6	0.293046141
Внески до Міжнародної організації з міграції	1549.4	-0.138233724
Керівництво та управління у сфері надзвичайних ситуацій	96746.6	0.250479603
Авіаційні роботи з пошуку і рятування	9823	0.236538316
Гідрометеорологічна діяльність	321425.5	0.267281123
Прикладні наукові та науково-технічні розробки, виконання робіт за державними цільовими програмами і державним замовленням у сфері гідрометеорології, підготовка наукових кадрів	22461.8	0.210104917
Прикладні наукові та науково-технічні розробки, виконання робіт за державними цільовими програмами і державним замовленням у сфері цивільного захисту та пожежної безпеки, підготовка наукових кадрів	32110.2	0.376043147
Придбання пожежної та іншої спеціальної техніки вітчизняного виробництва	600835.7	0.332716673
Видатки для Державної служби України з надзвичайних ситуацій на реалізацію заходів щодо підвищення обороноздатності і безпеки держави	100000	-
Забезпечення діяльності сил цивільного захисту	6343576.6	0.325298678
Підготовка кадрів у сфері цивільного захисту	453523	0.233354162
Керівництво та управління діяльністю Національної поліції України	580816.3	0.276172114
Забезпечення діяльності підрозділів, установ та закладів Національної поліції України	16079836.2	-0.229514048
Загальне керівництво та управління у сфері паливно-енергетичного комплексу та вугільної промисловості	76884.4	0.817447481
Прикладні наукові та науково-технічні розробки, виконання робіт за державними цільовими програмами і державним замовленням, підготовка наукових кадрів та фінансова підтримка розвитку наукової інфраструктури у сфері паливно-енергетичного комплексу й вугільної промисловості	8396.1	0.5928856
Реструктуризація вугільної та торфодобувної промисловості 	847101.6	6.939463172
Гірничорятувальні заходи на вугледобувних підприємствах	290000	0.101780876
Державна підтримка вугледобувних підприємств на часткове покриття витрат із собівартості готової товарної вугільної продукції 	870000	-0.36623797
Фізичний захист ядерних установок та ядерних матеріалів	25013.5	-0.003981922
"Внесок України до Енергетичного Співтовариства
"	5860	0.2089636
Виконання боргових зобов'язань за кредитами, залученими під державні гарантії, з метою реалізації проектів соціально-економічного розвитку	307015	-0.147612487
Приведення в безпечний стан уранових об’єктів 	14855	-0.13957371
Державна підтримка будівництва шахти №10 "Нововолинська"	150000	2
Підтримка впровадження Енергетичної стратегії України 	1000	-
Впровадження Програми реформування та розвитку енергетичного сектора 	24797.9	-0.253282406
Керівництво та управління у сфері економічного розвитку і торгівлі	224976.6	0.018621269
Внески України до бюджету СОТ, за участь України в програмі ЄС "Конкурентоспроможність підприємств малого та середнього бізнесу (COSME)", до Єдиного бюджету органів СНД	33373.5	0.586239414
Забезпечення двостороннього співробітництва України з іноземними державами та міжнародними організаціями, інформаційне та організаційне забезпечення участі України у міжнародних форумах, конференціях, виставках	39606.2	3.894209162
Фінансова підтримка видань з економічних питань	748.4	-0.162032353
Збереження та функціонування національної еталонної бази, забезпечення функціонування служб, прикладні наукові і науково-технічні розробки, виконання робіт за державними цільовими програмами і державним замовленням у сфері стандартизації, метрології та еталонної бази, гармонізація національних стандартів з міжнародними та європейськими, підготовка наукових кадрів у сфері економічного розвитку	38505.6	0.30651899
Фінансова підтримка розвитку туризму, створення умов безпеки туристів, розбудови туристичної інфраструктури міжнародних транспортних коридорів та магістралей в Україні	30486	-
Виконання програми "Сприяння взаємній торгівлі шляхом усунення технічних бар'єрів у торгівлі між Україною та Європейським Союзом"	1000	-0.982114592
Забезпечення життєдіяльності Криворізького гірничо-збагачувального комбінату окислених руд	23850	0
Функціонування торгових представництв за кордоном	27577.4	8.927069834
Виконання державних цільових програм реформування та розвитку оборонно-промислового комплексу, розроблення, освоєння і впровадження нових технологій, нарощування наявних виробничих потужностей для виготовлення продукції оборонного призначення	785180	5.286279677
Керівництво та управління у сфері державного резерву	24745.2	1.057356986
Обслуговування державного матеріального резерву	171316.6	0.1788829
Накопичення (приріст) матеріальних цінностей державного матеріального резерву	182880	2.249232126
Керівництво у сфері інтелектуальної власності	12841.7	0.97387688
Керівництво та управління у сфері статистики	949995.9	0.766065642
Статистичні спостереження та переписи	8683.1	0.00136394
Щоквартальна плата домогосподарствам за ведення записів доходів, витрат та інших відомостей під час проведення обстеження умов їх життя	5498.3	0.16889379
Прикладні розробки, підготовка наукових кадрів у сфері державної статистики	1470.9	0.337181818
Керівництво та управління у сфері експортного контролю	14990.7	1.068515589
Мобілізаційна підготовка галузей національної економіки України	37906.5	0.407717687
Керівництво та управління у сфері державної політики щодо зовнішніх відносин	206426.6	0.866802189
Внески України до бюджетів ООН, органів і спеціалізованих установ системи ООН, інших міжнародних організацій та конвенційних органів	611637.8	0.024080918
Функціонування закордонних дипломатичних установ України та розширення мережі власності України для потреб цих установ	3038119.5	0.479660788
Реалізація Міністерством закордонних справ України повноважень з проведення зовнішньої політики України, організація і контроль за діяльністю закордонних дипломатичних установ України	30000	1.195448484
Забезпечення головування України у міжнародних інституціях	9217.5	3.978863475
Професійне навчання працівників органів державної влади у сфері зовнішніх зносин, проведення прикладних досліджень у галузі міжнародних відносин	15876.4	0.336801275
Фінансова підтримка забезпечення міжнародного позитивного іміджу України, заходи щодо підтримки зв'язків з українцями, які проживають за межами України	77000	11.55281869
Документування громадян та створення і забезпечення функціонування інформаційно-телекомунікаційних систем консульської служби	55959.9	0.463741564
Керівництво та управління з питань тимчасово окупованих територій та внутрішньо переміщених осіб	25249.4	1.406218993
Керівництво та управління у сфері телебачення і радіомовлення	24715.9	0.561807037
Прикладні розробки у сфері засобів масової інформації, книговидавничої справи та інформаційно-бібліографічної діяльності, фінансова підтримка розвитку наукової інфраструктури	11969.5	0.136676272
Підвищення кваліфікації працівників засобів масової інформації в Укртелерадіопресінституті	6095.4	0.459913927
Фінансова підтримка творчих спілок у сфері засобів масової інформації, преси	1452.9	1.418131422
Фінансова підтримка Національної суспільної телерадіокомпанії України	970797.8	0.183263993
Державні стипендії видатним діячам інформаційної галузі, дітям журналістів, які загинули або стали інвалідами у зв'язку з виконанням службових обов'язків  та премії в інформаційній галузі	2786.8	0.649388863
Забезпечення підготовки та проведення  пісенного конкурсу "Євробачення - 2017"	455700	0.058241605
Загальне керівництво та управління у сфері культури	51271.5	0.695873752
Прикладні розробки у сфері розвитку культури	1000	-0.868840425
Надання загальної та спеціальної освіти мистецькими (художніми, музичними, хореографічними) загальноосвітніми школами (школами-інтернатами) та позашкільними навчальними закладами, методичне забезпечення діяльності навчальних закладів	129497.1	0.488572047
Підготовка кадрів для сфери культури і мистецтва вищими навчальними закладами І і ІІ рівнів акредитації	26166.4	0.327370473
Підготовка кадрів для сфери культури і мистецтва вищими навчальними закладами ІІІ і ІV рівнів акредитації	852189.4	0.334024667
Підвищення кваліфікації, перепідготовка кадрів та підготовка науково-педагогічних кадрів у сфері культури і мистецтва, підготовка кадрів акторської майстерності для національних мистецьких та творчих колективів	53700.1	0.522688841
Фінансова підтримка національних творчих спілок у сфері культури і мистецтва та заходи Всеукраїнського товариства "Просвіта"	6185.3	0.000259028
Фінансова підтримка національних театрів	898947	0.641013391
Фінансова підтримка національних художніх колективів, концертних організацій та їх дирекції, національних і державних циркових організацій	537387.9	0.630626261
Гранти Президента України молодим діячам мистецтва для створення і реалізації творчих проектів, премії і стипендії за видатні досягнення у галузі культури, літератури, мистецтва	16373	0.816533349
Здійснення концертно-мистецьких та культурологічних загальнодержавних заходів, заходів з виявлення та підтримки творчо обдарованих дітей та молоді, заходів, пов'язаних із забезпеченням свободи совісті та релігії, державна підтримка регіональних культурних ініціатив та аматорського мистецтва, поповнення експозицій музеїв та репертуарів театрів, концертних та циркових організацій, забезпечення розвитку та застосування української мови	80348.1	0.015209871
Забезпечення діяльності національних музеїв, національних і державних бібліотек та культурно-просвітницьких центрів	536413.4	0.535255831
Заходи з відтворення культури національних меншин, заходи Української Всесвітньої Координаційної Ради, заходи з реалізації Європейської хартії регіональних мов або мов меншин, заходи щодо встановлення культурних зв'язків з українською діаспорою, заходи щодо зміцнення зв'язків закордонних українців з Україною та забезпечення міжнародної діяльності у сфері міжнаціональних відносин	1800	2.007927443
Будівництво другої черги Національного музею "Меморіал жертв голодомору"	14250	-
Фінансова підтримка друкованих періодичних видань культурологічного напрямку, газет мовами національних меншин, фінансова підтримка гастрольної діяльності вітчизняних виконавців	7431.4	0.015346886
Надання фінансової підтримки державному підприємству "Кримський дім"	3843.4	0.398199233
Збереження історико-культурної та архітектурної спадщини в національних і державних заповідниках, здійснення заходів з охорони культурної спадщини, паспортизація, інвентаризація та реставрація пам'яток архітектури, культури та світової спадщини ЮНЕСКО	338973.5	0.465248852
Забезпечення діяльності Українського інституту книги, випуск книжкової продукції за програмою "Українська книга"	80000	-
 Комплексна реставрація і пристосування ансамблю Жовківського замку Державного історико-архітектурного заповідника у м. Жовкві	10000	-
Реставрація з переплануванням горищних приміщень в буд. № 5. на вул. Нижанківського під навчальні приміщення Львівської національної музичної академії ім. М.В. Лисенка в межах об’єму існуючого горища. Без зміни конфігурації даху	3675.3	-
Керівництво та управління у сфері кінематографії	8732.5	0.567918448
Створення та розповсюдження національних фільмів, фінансова підтримка державного підприємства "Національний центр Олександра Довженка"	501500	0.993868438
Здійснення концертно-мистецьких, культурологічних заходів у сфері кінематографії, фінансова підтримка Національної спілки кінематографістів України	5300	0.607627341
Гранти Президента України молодим діячам мистецтва для створення і реалізації творчих проектів в сфері кінематографії та премії за видатні досягнення у галузі кінематографії	420	3.2
Керівництво та управління у сфері відновлення та збереження національної пам’яті	13171.1	0.600418694
Заходи з реалізації державної політики у сфері відновлення та збереження національної пам’яті, забезпечення діяльності Національного меморіального комплексу Героїв Небесної Сотні - Музею Революції гідності та Галузевого державного архіву Українського інституту національної пам’яті	13569	1.735473623
Керівництво та військове управління Збройними Силами України	384518.7	0.152592462
Забезпечення діяльності Збройних Сил України та підготовка військ	52112650.1	0.101773451
Медичне лікування, реабілітація та санаторне забезпечення особового складу Збройних Сил України, ветеранів військової служби та членів їх сімей, ветеранів війни	1923930.5	-0.035199936
Підготовка військових фахівців у вищих навчальних закладах, підвищення кваліфікації та перепідготовка військових фахівців і державних службовців, початкова військова підготовка та патріотичне виховання молоді	2154744.8	0.083976291
Розвиток озброєння та військової техніки Збройних Сил України	6471195.2	0.121761741
Будівництво (придбання) житла для військовослужбовців Збройних Сил України	751022.3	0.177314634
Утилізація боєприпасів, рідинних компонентів ракетного палива, озброєння, військової техніки та іншого військового майна, забезпечення живучості та вибухопожежобезпеки арсеналів, баз і складів Збройних Сил України	140827.4	0.847711579
Видатки для Міністерства оборони України на реалізацію заходів щодо підвищення обороноздатності і безпеки держави	527900	-
Загальне керівництво та управління у сфері освіти і науки	75379.6	-0.776695861
Забезпечення організації роботи Національного агентства із забезпечення якості вищої освіти	12664.2	185.4337714
Підготовка кадрів у професійно-технічних навчальних закладах за професіями загальнодержавного значення	119600.8	-
Дослідження, наукові та науково-технічні розробки, виконання робіт за державними цільовими програмами та державним замовленням, підготовка наукових кадрів, фінансова підтримка преси, розвитку наукової інфраструктури, наукових об'єктів, що становлять національне надбання, забезпечення діяльності Державного фонду фундаментальних досліджень	864043.2	0.240677214
Державні премії, стипендії та гранти в галузі освіти, науки і техніки, стипендії переможцям міжнародних конкурсів	22939.4	-0.00164503
Надання освіти у загальноосвітніх школах соціальної реабілітації, загальноосвітніх ліцеях-інтернатах, гімназіях-інтернатах з посиленою військово-фізичною підготовкою та інших загальноосвітніх навчальних закладах державної форми власності 	140814.3	0.281723585
Забезпечення діяльності Національного центру «Мала академія наук України», надання позашкільної освіти державними позашкільними навчальними закладами, заходи з позашкільної роботи	89238.8	0.811786771
Підготовка робітничих кадрів у професійно-технічних навчальних закладах соціальної реабілітації та адаптації, методичне забезпечення закладів професійно-технічної освіти	192277.4	0.513998295
Підготовка кадрів вищими навчальними закладами І і ІІ рівнів акредитації та забезпечення діяльності їх баз практики	4708344.6	-0.037626452
Підготовка кадрів вищими навчальними закладами ІІІ і ІV рівнів акредитації та забезпечення діяльності їх баз практики	19531459.5	-0.023936039
Здійснення методичного та матеріально-технічного забезпечення діяльності навчальних закладів 	495671.5	0.404849133
Проведення всеукраїнських та міжнародних олімпіад у сфері освіти, всеукраїнського конкурсу "Учитель року"	4000	0.368437322
Виплата академічних стипендій студентам (курсантам) вищих навчальних закладів	3985722.5	-
Пільговий проїзд студентів вищих навчальних закладів і учнів професійно-технічних училищ у залізничному, автомобільному та водному транспорті	18000	0
Підвищення кваліфікації науково-педагогічних працівників, керівних працівників і спеціалістів харчової, переробної промисловості та агропромислового комплексу, медичних та фармацевтичних кадрів	33687.7	0.134729995
Підготовка кадрів Київським національним університетом імені Тараса Шевченка	1145348	0.125511001
Дослідження, наукові та науково-технічні розробки, проведення наукових заходів Київським національним університетом імені Тараса Шевченка, фінансова підтримка наукових об’єктів, що становлять національне надбання	113473.8	0.198065208
Фізична і спортивна підготовка учнівської та студентської молоді	82055.8	0.621022255
Виконання зобов'язань України у сфері міжнародного науково-технічного співробітництва	39312.5	1.950781393
Дослідження на антарктичній станції "Академік Вернадський"	59009	0.084360242
Здійснення зовнішнього оцінювання та моніторинг якості освіти Українським центром оцінювання якості освіти та його регіональними підрозділами	206400.5	0.224019015
Державна атестація наукових і науково-педагогічних кадрів вищої кваліфікації, ліцензування, атестація та акредитація навчальних закладів	1200	-0.744538756
Виконання зобов’язань України у Рамковій програмі Європейського Союзу з наукових досліджень та інновацій "Горизонт 2020"	312214.4	0.797940509
Здійснення державного нагляду за діяльністю навчальних закладів	7853.5	0.559918601
Освітня субвенція з державного бюджету місцевим бюджетам	52593109.7	0.181535909
Субвенція з державного бюджету місцевим бюджетам на модернізацію та оновлення матеріально-технічної бази професійно-технічних навчальних закладів 	50000	0.241742541
Субвенція з державного бюджету місцевим бюджетам на надання державної підтримки особам з особливими освітніми потребами	209458.3	-
Керівництво та управління у сфері охорони здоров'я	58175.1	0.65426112
Дослідження, наукові і науково-технічні розробки, виконання робіт за державними цільовими програмами і державним замовленням, підготовка та підвищення кваліфікації наукових кадрів у сфері охорони здоров'я, фінансова підтримка розвитку наукової інфраструктури та об’єктів, що становлять національне надбання	118164.3	0.259461253
Проведення епідеміологічного нагляду (спостереження), діяльність лабораторних підрозділів Центру громадського здоров'я та заходи боротьби з епідеміями	1472229.3	0.266602904
Підготовка і підвищення кваліфікації медичних та фармацевтичних, наукових та науково-педагогічних кадрів вищими навчальними закладами ІІІ і ІV рівнів акредитації 	3772638	0.275419954
Підвищення кваліфікації медичних та фармацевтичних кадрів  та підготовка наукових і науково-педагогічних кадрів у сфері охорони здоров'я, підготовка та підвищення кваліфікації осіб з надання домедичної допомоги	353569.8	0.350671553
Методичне забезпечення діяльності медичних (фармацевтичних) вищих навчальних закладів та закладів післядипломної освіти	2008.6	0.408803699
Спеціалізована та високоспеціалізована медична допомога, що надається загальнодержавними закладами охорони здоров'я	877828.5	-0.09358945
Підготовка медичних і фармацевтичних кадрів вищими навчальними закладами І і ІІ рівнів акредитації	66033.5	0.241156859
Діагностика і лікування захворювань  із впровадженням експериментальних та нових медичних технологій у закладах охорони здоров'я науково-дослідних установ та  вищих навчальних медичних закладах Міністерства охорони здоров'я України	1167041.4	0.297995255
Санаторне лікування хворих на туберкульоз та дітей і підлітків з соматичними захворюваннями	391209.9	0.20423226
Спеціалізована консультативна амбулаторно-поліклінічна та стоматологічна допомога, що надається вищими навчальними закладами, науково-дослідними установами та загальнодержавними закладами охорони здоров'я	133694.9	0.172216247
Виконання боргових зобов'язань за кредитами, залученими ДП "Укрмедпостач" під державні гарантії, для реалізації інвестиційного проекту, оплата податкових зобов’язань (з урахуванням штрафних санкцій), що виникли в рамках реалізації інвестиційного проекту	380802.4	0.069961889
Організація і регулювання діяльності установ та окремі заходи у системі охорони здоров'я	188759.4	0.143837861
Лікування громадян України за кордоном	203948.9	-0.473604617
Забезпечення медичних заходів окремих державних програм та комплексних заходів програмного характеру	5949019	0.5060913
Функціонування Національної наукової медичної бібліотеки, збереження та популяризація історії медицини	32917.3	0.358503501
Заходи із реабілітації хворих на дитячий церебральний параліч у Міжнародній клініці відновного лікування 	11154	0.001054904
Поліпшення охорони здоров`я на службі у людей	150000	12.91219226
Будівництво сучасного лікувально-діагностичного комплексу Національної дитячої спеціалізованої лікарні «Охматдит»	380000	0.042842375
Добудова лікувального корпусу Державного закладу "Прикарпатський центр репродукції людини на вул. Чорновола, 51-Г, в м. Івано-Франківську"  	65432	-
Покращення якості променевої терапії при лікуванні онкологічних захворювань в Національному інституті раку	3360	-
Запровадження медичної інформаційної системи в Національному інституті раку	20295	-
Реконструкція і розширення Національного інституту раку 	124211	-
Керівництво та управління у сфері лікарських засобів та контролю за наркотиками	78539.2	0.628448855
Субвенція з державного бюджету місцевим бюджетам на придбання витратних матеріалів для закладів охорони здоров'я та лікарських засобів для інгаляційної анестезії	18972.6	0.029156812
Субвенція з державного бюджету місцевим бюджетам на придбання медикаментів та виробів медичного призначення для забезпечення швидкої медичної допомоги	137992.3	0.013586068
Медична субвенція з державного бюджету місцевим бюджетам	55540108.4	0.249954824
Субвенція з державного бюджету місцевим бюджетам на придбання ангіографічного обладнання	150000	-
Субвенція з державного бюджету місцевим бюджетам на відшкодування вартості лікарських засобів для лікування окремих захворювань	500000	-
Субвенція з державного бюджету місцевим бюджетам на реформування регіональних систем охорони здоров’я для здійснення  заходів з виконання спільного з Міжнародним банком реконструкції та розвитку проекту "Поліпшення охорони здоров'я на службі у людей"	500000	1.782183161
Загальне керівництво та управління у сфері екології та природних ресурсів	70080.4	0.762394597
Прикладні наукові та науково-технічні розробки, виконання робіт за державними цільовими програмами і державним замовленням у сфері природоохоронної діяльності, фінансова підтримка підготовки наукових кадрів	25745.6	-0.02956882
Підвищення кваліфікації та перепідготовка у сфері екології та природних ресурсів, підготовка наукових та науково-педагогічних кадрів	23653.1	0.708917952
Збереження природно-заповідного фонду	257649.2	0.650366265
Здійснення природоохоронних заходів	360290.6	1.522038052
Здійснення заходів щодо реалізації пріоритетів розвитку сфери охорони навколишнього природного середовища	1000	-0.988692368
Забезпечення діяльності Національного центру обліку викидів парникових газів	2076.7	0.188066458
Державна підтримка заходів, спрямованих на зменшення обсягів викидів (збільшення абсорбції) парникових газів, у тому числі на утеплення приміщень закладів соціального забезпечення, розвиток міжнародного співробітництва з питань зміни клімату	1000	-0.999179589
Керівництво та управління у сфері геологічного вивчення та використання надр	37270	0.776268813
Розвиток мінерально-сировинної бази	100000	0.452932963
Керівництво та управління у сфері екологічного контролю	242425.6	0.627243207
Керівництво та управління у сфері радіаційного захисту населення	815	0.183551274
Керівництво та управління у сфері водного господарства	18754.9	0.769709316
Прикладні наукові та науково-технічні розробки, виконання робіт за державним замовленням у сфері розвитку водного господарства	196.1	0.16587396
Підвищення кваліфікації кадрів у сфері водного господарства	5673.4	0.349131554
Експлуатація державного водогосподарського комплексу та управління водними ресурсами	2398777.3	0.022052153
Захист від шкідливої дії вод сільських населених пунктів та сільськогосподарських угідь, в тому числі в басейні р. Тиса у Закарпатській області	200	-0.984066642
Розвиток та поліпшення екологічного стану зрошуваних та осушених систем	30000	-
Реконструкція гідротехнічних споруд захисних масивів дніпровських водосховищ	37395	0.181934267
Керівництво та управління діяльністю у зоні відчуження	8453.3	0.416416324
Внески України до Чорнобильського фонду "Укриття" та до рахунку ядерної безпеки ЄБРР	866989.6	0.158737601
Радіологічний захист населення та екологічне оздоровлення території, що зазнала радіоактивного забруднення	2795.5	0.313127458
Збереження етнокультурної спадщини регіонів, постраждалих від наслідків Чорнобильської катастрофи	4616.1	0.28621461
Виконання робіт у сфері поводження з радіоактивними відходами неядерного циклу, будівництво комплексу "Вектор" та експлуатація його об'єктів	56433.5	0.007008553
Підтримка екологічно безпечного стану у зонах відчуження і безумовного (обов'язкового) відселення	348016.6	0.153925634
Підтримка у безпечному стані енергоблоків та об'єкта "Укриття" та заходи щодо підготовки до зняття з експлуатації Чорнобильської АЕС	898310	-0.097999772
Керівництво та управління у сфері соціальної політики	136140.4	0.660610292
Прикладні наукові та науково-технічні розробки, підготовка наукових кадрів у сфері соціальної політики	13614.1	0.272718977
Підвищення кваліфікації працівників органів соціального захисту	1760.3	-0.059611104
Спеціалізована протезно-ортопедична та медично-реабілітаційна допомога інвалідам у клініці Науково-дослідного інституту протезування, протезобудування та відновлення працездатності	19807.8	0.35798024
Створення і програмно-технічне забезпечення системи інформаційно-аналітичної підтримки, інформаційно-методичне забезпечення та виготовлення бланків посвідчень і нагрудних знаків для системи соціального захисту	37623	3.508522886
Розселення та облаштування депортованих кримських татар та осіб інших національностей, які були  депортовані з території України	35340	-0.191043363
Заходи із соціального захисту дітей, сімей, жінок та інших найбільш вразливих категорій населення	91682.7	1.240607705
Щорічна разова грошова допомога ветеранам війни і жертвам нацистських переслідувань та соціальна допомога особам, які мають особливі та особливі трудові заслуги перед Батьківщиною	1029952.8	-0.012277517
Довічні державні стипендії 	3805.5	0.216035727
Виплата соціальних стипендій студентам (курсантам) вищих навчальних закладів	992969	-
Соціальний захист громадян, які постраждали внаслідок Чорнобильської катастрофи	1919662.5	0.029847796
Фінансова підтримка громадських об’єднань інвалідів та ветеранів, заходи з відвідування військових поховань і військових пам’ятників та з відзначення Дня пам’яті та примирення, Дня перемоги над нацизмом у Другій світовій війні	81134.1	0.013401429
Компенсація підприємствам, установам, організаціям у межах середнього заробітку працівників, призваних на військову службу за призовом під час мобілізації, на особливий період за 2014-2015 роки	233100	-
Оздоровлення і відпочинок дітей, які потребують особливої уваги та підтримки, в дитячих оздоровчих таборах МДЦ "Артек" і ДЦ "Молода Гвардія" 	151885.9	0.736126377
Санаторно-курортне лікування ветеранів війни, осіб, на яких поширюється чинність законів України "Про статус ветеранів війни, гарантії їх соціального захисту", "Про жертви нацистських переслідувань" та інвалідів	130707	0.178869701
Надання щомісячної адресної допомоги внутрішньо переміщеним особам для покриття витрат на проживання, в тому числі на оплату житлово-комунальних послуг	3263665	0.032248907
Фінансова підтримка заходів із залучення до роботи членів малозабезпечених сімей та внутрішньо переміщених осіб в умовах експерименту	20000	-
Виплата матеріальної допомоги військовослужбовцям, звільненим з  військової строкової служби	40993	1.084112945
Компенсація роботодавцю частини фактичних витрат, пов’язаних зі сплатою єдиного внеску на загальнообов’язкове державне соціальне страхування	1400	0
Модернізація системи соціальної підтримки населення України	471112.6	10.58876483
Соціальна підтримка громад	11424	-
Інвестиції на підтримку соціального розвитку територіальних громад	17463.4	-
Керівництво та управління у сфері промислової безпеки, охорони та гігієни праці, нагляду за додержанням законодавства про працю	411860	0.783665737
Прикладні дослідження та розробки, підготовка наукових кадрів у сфері промислової безпеки та охорони праці	8782.6	0.811233581
Керівництво та управління у сфері соціального захисту ветеранів війни та учасників антитерористичної операції	19965	0.476674129
Заходи із психологічної реабілітації, соціальної та професійної адаптації учасників антитерористичної операції та забезпечення постраждалих учасників антитерористичної операції санаторно-курортним лікуванням	107623.8	0.240660773
Фінансове забезпечення виплати пенсій, надбавок та підвищень до пенсій, призначених за пенсійними програмами, та дефіциту коштів Пенсійного фонду	141315405.1	-0.008912653
Заходи із соціальної, трудової та професійної реабілітації інвалідів	1301932	-0.086725616
Забезпечення діяльності Фонду соціального захисту інвалідів	50088.6	0.524953703
Реабілітація дітей-інвалідів	675	0.064160373
Субвенція з державного бюджету місцевим бюджетам на виплату державної соціальної допомоги на дітей-сиріт та дітей, позбавлених батьківського піклування, грошового забезпечення батькам-вихователям і прийомним батькам за надання соціальних послуг у дитячих будинках сімейного типу та прийомних сім’ях за принципом „гроші ходять за дитиною”, оплату послуг із здійснення патронату над дитиною та виплату соціальної допомоги на утримання дитини в сім’ї патронатного вихователя	850922.6	0.424307371
Субвенція з державного бюджету місцевим бюджетам на виплату грошової компенсації за належні для отримання жилі приміщення для сімей загиблих осіб, визначених абзацами 5-8 пункту 1 статті 10, а також для осіб з інвалідністю І-ІІ групи, визначених пунктами 11-14 частини другої статті 7 Закону України "Про статус ветеранів війни, гарантії їх соціального захисту", та осіб, які втратили функціональні можливості нижніх кінцівок, інвалідність яких настала внаслідок поранення, контузії, каліцтва або захворювання, одержаних під час безпосередньої участі в антитерористичній операції, та потребують поліпшення житлових умов	329812.8	-0.207291475
Субвенція з державного бюджету міським бюджетам мм. Дніпра, Києва, Львова та Одеси на проведення робіт, пов'язаних зі створенням і забезпеченням функціонування центрів надання адміністративних послуг у форматі "Прозорий офіс" 	63562.1	2.162338154
Керівництво та управління у сфері регіонального розвитку, будівництва та житлово-комунального господарства	86391	0.708202583
Дослідження, наукові і науково-технічні розробки у сфері будівництва, житлово-комунального господарства та регіонального розвитку, виконання робіт за державними цільовими програмами у сфері розвитку житлово-комунального господарства, наукові розробки із нормування та стандартизації у сфері будівництва та житлової політики, дослідження збереження та вивчення видів флори у спеціально створених умовах	6198.8	0.250098404
Функціонування Державної науково-технічної бібліотеки	7399.2	0.425147623
Підтримка регіональної політики України	1000	-
Функціонування Фонду енергоефективності	400000	-
Фінансова підтримка Державного фонду сприяння молодіжному житловому будівництву	6850	1.48542E-05
Часткова компенсація відсоткової ставки кредитів комерційних банків молодим сім'ям та одиноким молодим громадянам на будівництво (реконструкцію) та придбання житла	61406.4	0.150428477
Збільшення статутного капіталу Державної спеціалізованої фінансової установи "Державний фонд сприяння молодіжному житловому будівництву" з подальшим використанням на реалізацію Державної програми забезпечення молоді житлом	28000	0.166666667
Здешевлення вартості іпотечних кредитів для забезпечення доступним житлом громадян, які потребують поліпшення житлових умов	81102.5	0.179168922
Реалізація проекту "Реконструкція споруд очистки стічних каналізаційних вод і будівництво технологічної лінії по обробці та утилізації осадів Бортницької станції аерації"	20000	-0.775373858
Фінансування заходів по забезпеченню впровадження та координації проекту розвитку міської інфраструктури, заходів в секторі централізованого теплопостачання України, надзвичайної кредитної програми для України, програми розвитку муніципальної інфраструктури України та заходів з відновлення сходу України	38800	2.100770644
Реалізація надзвичайної  кредитної  програми для відновлення України	55000	-
Керівництво та управління у сфері архітектурно-будівельного контролю та нагляду	133712.1	0.682533952
Керівництво та управління у сфері ефективного використання енергетичних ресурсів	40488.7	0.79433129
Реалізація Державної цільової економічної програми енергоефективності	400000	-0.535235662
Державний фонд регіонального розвитку	3500000	0.298922556
Субвенція з державного бюджету місцевим бюджетам на формування інфраструктури об'єднаних територіальних громад	1500000	0.586365133
Субвенція з державного бюджету місцевим бюджетам на фінансування заходів соціально-економічної компенсації ризику населення, яке проживає на території зони спостереження	137499.5	0.412607931
Субвенція з державного бюджету місцевим бюджетам на погашення різниці між фактичною вартістю теплової енергії, послуг з централізованого опалення, постачання гарячої води, централізованого водопостачання та водовідведення, постачання холодної води та водовідведення (з використанням внутрішньобудинкових систем), що вироблялися, транспортувалися та постачалися населенню та/або іншим підприємствам теплопостачання, централізованого питного водопостачання та водовідведення, які надають населенню такі послуги, та тарифами, що затверджувалися та/або погоджувалися органами державної влади чи місцевого самоврядування	5000000	-
Субвенція з державного бюджету місцевим бюджетам на реалізацію проектів в рамках Надзвичайної кредитної програми для відновлення України	2145000	-
Загальне керівництво та управління у сфері агропромислового комплексу	122250.9	0.425037789
Фінансова підтримка заходів в агропромисловому комплексі шляхом здешевлення кредитів	300000	0.072139723
Дослідження, прикладні наукові та науково-технічні розробки, виконання робіт за державними цільовими програмами і державним замовленням у сфері розвитку агропромислового комплексу, підготовка наукових кадрів, наукові розробки у сфері стандартизації та сертифікації сільськогосподарської продукції, дослідження та експериментальні розробки у сфері агропромислового комплексу	120017.5	0.216271492
Підвищення кваліфікації фахівців агропромислового комплексу	18986.7	0.743857981
Ліквідація та екологічна реабілітація території впливу гірничих робіт державного підприємства "Солотвинський солерудник" Тячівського району Закарпатської області	8024	1.670261225
Фінансова підтримка заходів в агропромисловому комплексі	60000	-
Витрати Аграрного фонду пов'язані з комплексом заходів із  зберігання, перевезення, переробки та експортом об'єктів державного цінового регулювання державного інтервенційного фонду	51400	1.023973347
Організація і регулювання діяльності установ в системі агропромислового комплексу та забезпечення діяльності Аграрного фонду	108004.7	0.725977783
Державна підтримка розвитку хмелярства, закладення молодих садів, виноградників та ягідників і нагляд за ними	75000	-
Державна підтримка галузі тваринництва	170000	4.669366608
Фінансова підтримка сільгосптоваровиробників	4774300	-
Керівництво та управління у сфері геодезії, картографії та кадастру	998922.9	-
Проведення земельної реформи	104800	-
Загальнодержавні топографо-геодезичні та картографічні роботи, демаркація та делімітація державного кордону	5034.3	-
Керівництво та управління у сфері рибного господарства	277973.6	1.379452993
Організація діяльності рибовідтворювальних комплексів та інших бюджетних установ  у сфері рибного господарства	52783	0.360221454
Прикладні науково-технічні розробки, виконання робіт за державними замовленнями у сфері рибного господарства	870.1	0.167449349
Селекція у рибному господарстві та відтворення водних біоресурсів у внутрішніх водоймах та Азово-Чорноморському басейні	40000	-
Міжнародна діяльність у галузі рибного  господарства	6479.8	0.457595781
Керівництво та управління у сфері лісового господарства	96571.5	0.960349982
Дослідження, прикладні розробки  та підготовка наукових кадрів у сфері лісового господарства	10403.4	0.227653025
Ведення лісового і мисливського господарства, охорона і захист лісів в лісовому фонді	140956.2	0.601418959
Керівництво та управління у сфері безпечності харчових продуктів та захисту споживачів	1174347.5	0.712089125
Протиепізоотичні заходи та участь у  Міжнародному епізоотичному бюро	113656.7	1.011891586
Організація та регулювання діяльності установ в системі Державної служби України з питань безпечності харчових продуктів та захисту споживачів	486782.5	0.052534507
Проведення лабораторних випробувань, вимірювань, досліджень та експертизи під час здійснення державного контролю (нагляду)	124697.8	98.67716021
Загальне керівництво та управління у сфері інфраструктури	64123.2	0.472348899
Підтримка експлуатаційно-безпечного стану судноплавних шлюзів, внутрішніх водних шляхів, в тому числі на проведення днопоглиблювальних робіт	39039.7	0
Здійснення заходів щодо підтримки впровадження транспортної стратегії України	1000	-0.858917434
Забезпечення діяльності Державної спеціальної служби транспорту	491744.3	0.352016891
Організаційне забезпечення реалізації інфраструктурних проектів	2014.8	3.799218062
Керівництво та управління у сфері авіаційного транспорту	190040	1.314807685
Здійснення державного контролю з питань безпеки на транспорті	122614.8	0.690072763
Керівництво та управління у сфері будівництва, ремонту та утримання автомобільних доріг	45872.1	3.102310136
Розвиток мережі та утримання автомобільних доріг загального користування	6591011.8	-0.297038
Виконання боргових зобов'язань за запозиченнями, залученими державою або під державні гарантії на розвиток мережі автомобільних доріг  загального користування	7328858.2	0.324082019
Будівництво мостового переходу у м. Запоріжжя	250000	-
Розбудова прикордонної дорожньої інфраструктури на українсько-польському кордоні	47083.2	-
Реалізація державного інвестиційного проекту "Покращення стану автомобільних доріг загального користування у Львівській області"	250000	0.483393278
Розвиток автомобільної дороги Р-52 Дніпропетровськ-Царичанка-Кобеляки-Решетилівка	350000	-
Керівництво та управління у сфері молоді та спорту	42901.4	0.698628925
Фундаментальні та прикладні наукові дослідження у сфері молоді та спорту	6410.9	0.152786745
Методичне забезпечення у сфері спорту	1095.3	0.481937692
Здійснення заходів державної політики з питань молоді та державна підтримка молодіжних та дитячих громадських організацій	27500	0.656409417
Розвиток спорту інвалідів та їх фізкультурно-спортивна реабілітація	319556.1	0.545847283
Підготовка і участь національних збірних команд в Паралімпійських  і Дефлімпійських іграх	329912.7	0.285143784
Розвиток фізичної культури, спорту вищих досягнень та резервного спорту	1088976.6	0.582899298
Фінансова підтримка громадських організацій фізкультурно-спортивного спрямування	46548	0.33839695
Підготовка і участь національних збірних команд в Олімпійських, Юнацьких Олімпійських, Всесвітніх та Європейських іграх	143402.6	-0.084885921
Керівництво та управління у сфері фінансів	338855.8	1.205948058
Наукове і науково-методичне забезпечення у сфері виробництва і використання дорогоцінного і напівдорогоцінного каміння та забезпечення виробничих та соціально-культурних потреб у дорогоцінних металах і дорогоцінному камінні 	12842.3	-0.792090144
Внески до міжнародних організацій	653000	2.859087658
Підтримка культурно-оздоровчих та соціальних заходів фінансової системи	6106.1	0.514063748
Побудова та функціонування інформаційно-аналітичної платформи верифікації та інші заходи, пов’язані з її впровадженням	19905.2	5.161695212
Керівництво та управління у сфері казначейського обслуговування	1361093.9	0.461296221
Відшкодування шкоди, завданої громадянинові незаконними діями органів дізнання, досудового слідства, прокуратури і суду, відшкодування громадянинові вартості конфіскованого та безхазяйного майна стягнутого в дохід держави, відшкодування шкоди, завданої фізичній чи юридичній особі незаконними рішеннями, діями чи бездіяльністю органів державної влади, їх посадових і службових осіб	18094.7	0
Заходи щодо виконання рішень суду, що гарантовані державою    	500000	2.454052467
Керівництво та управління у сфері фіскальної політики	6398991.7	0.063345939
Прикладні дослідження і розробки у сфері фіскальної політики	12688.1	0.507229682
Підвищення кваліфікації у сфері фіскальної політики	23931.2	0.448073055
Підготовка кадрів у сфері фіскальної політики вищими навчальними закладами ІІІ і ІV рівнів акредитації	185167.8	0.224304729
Реалізація заходів, передбачених Угодою про фінансування програми "Підтримка секторальної політики управління кордоном в Україні"	1000	-0.983918652
Реалізація проекту з розбудови прикордонної дорожньої інфраструктури та облаштування пунктів пропуску	17310	-
Керівництво та управління у сфері фінансового моніторингу	45508.9	0.658083748
Перепідготовка та підвищення кваліфікації у сфері боротьби з легалізацією (відмиванням) доходів, одержаних злочинним шляхом, і фінансуванням тероризму	3138.1	-0.41547029
Резервний фонд	1500000	-
Базова дотація	5911564.6	0.246072139
Додаткові дотації з державного бюджету місцевим бюджетам	15045236.9	161.7907698
Стабілізаційна дотація	2000000	0
Субвенція з державного бюджету місцевим бюджетам на надання пільг та житлових субсидій населенню на оплату електроенергії, природного газу, послуг тепло-, водопостачання і водовідведення, квартирної плати (утримання будинків і споруд та прибудинкових територій), вивезення побутового сміття та рідких нечистот	47073700	0.066944407
Субвенція з державного бюджету місцевим бюджетам на здійснення заходів щодо соціально-економічного розвитку окремих територій	4000000	0.433201145
Субвенція з державного бюджету місцевим бюджетам на надання пільг та житлових субсидій населенню на придбання твердого та рідкого пічного побутового палива і скрапленого газу	2482113.7	0.088741761
Субвенція з державного бюджету місцевим бюджетам на виплату допомоги сім'ям з дітьми, малозабезпеченим сім'ям, інвалідам з дитинства, дітям-інвалідам, тимчасової державної допомоги дітям та допомоги по догляду за інвалідами І чи ІІ групи внаслідок психічного розладу	53929901.3	0.14370109
Обслуговування державного боргу 	111338374.6	0.162266519
Субвенція з державного бюджету міському бюджету міста Жовті Води на виконання заходів щодо радіаційного та соціального захисту населення міста Жовті Води	8480.1	0.000597115
Обслуговування та погашення зобов’язань за залученими коштами під державні гарантії для здійснення капітальних видатків розпорядниками бюджетних коштів	16318.2	-0.34658916
Реалізація програм допомоги Європейського Союзу, урядів іноземних держав, міжнародних організацій, донорських установ	907920	-
Cубвенція з державного бюджету міському бюджету міста Дніпра на завершення будівництва метрополітену у м. Дніпрі	648528	0.273243758
Фінансування спільних з Європейським інвестиційним банком проектів	55000	-0.812220042
Керівництво та управління у сфері юстиції	2932990.6	0.48752374
Виконання покарань установами і органами Державної кримінально-виконавчої служби України	3584454.3	-
Забезпечення діяльності органів пробації	317387.7	-
Підготовка робітничих кадрів у професійно-технічних закладах соціальної адаптації при установах виконання покарань	3793.2	-
Проведення судової експертизи і розробка методики проведення судових експертиз	109193.8	0.032152398
Підвищення кваліфікації працівників органів юстиції 	11081.1	0.126376411
Забезпечення захисту прав та інтересів України під час урегулювання спорів, розгляду у закордонних юрисдикційних органах справ за участю іноземного суб’єкта та України, а також забезпечення представництва України в Європейському суді з прав людини	144553	-0.317679006
Платежі на виконання рішень закордонних юрисдикційних органів, прийнятих за наслідками розгляду справ проти України	640824.8	0.008617715
Завершення реконструкції режимного корпусу для тримання засуджених до довічного позбавлення волі у Полтавській установі виконання покарань № 23	8157.8	-
Створення слідчого ізолятора в Київській області	23605.8	-
Завершення будівництва лікувального корпусу в Голопристанській виправній колонії № 7 у Херсонській області	5265.6	-
Забезпечення формування та функціонування системи безоплатної правової допомоги	260873.7	0.435638194
Оплата послуг та відшкодування витрат адвокатів з надання безоплатної вторинної правової допомоги	97671.2	-0.064748314
Керівництво та управління у сфері архівної справи	17237.5	0.967427881
Прикладні розробки у сфері архівної справи та страхового фонду документації	8399.7	0.289037467
Забезпечення діяльності архівних установ та установ страхового фонду документації	141980.8	0.583252172
Керівництво та управління у сфері інформаційної політики	8596.9	0.808716677
Виробництво та трансляція телерадіопрограм для державних потреб, збирання, обробка та розповсюдження офіційної інформаційної продукції, фінансування системи державного іномовлення України	219644.8	1.03999652
Здійснення заходів у сфері захисту національного інформаційного простору	33600	-
Керівництво та управління у сфері ядерного регулювання	50372	0.990148312
Забезпечення ведення Державного регістру джерел іонізуючого випромінювання 	413.8	0.000102355
Керівництво та управління у сфері регулювання ринків фінансових послуг	52234.7	0.937828465
Керівництво та управління у сфері регулювання зв'язку та інформатизації	59434.8	0.921354937
Розвідувальна діяльність у сфері оборони	1398269.5	0.086964434
Будівництво (придбання) житла для військовослужбовців Головного управління розвідки Міністерства оборони України	20695	-
Формування суддівського корпусу та контроль за його діяльністю	133292.7	3.235149316
Парламентський контроль за додержанням конституційних прав і свобод людини	51323.8	0.670765472
Керівництво та управління  у сфері конкурентної політики, контроль за дотриманням законодавства про захист економічної конкуренції	122261.8	0.684695039
Прикладні розробки у сфері конкурентної політики та права	1181.9	0.28949006
Керівництво та  функціональне управління у сфері державної служби	43696.8	0.689171449
Професійне навчання державних службовців та посадових осіб місцевого самоврядування, забезпечення інституційного розвитку та адаптації державної служби до стандартів ЄС 	74707.2	0.661152953
Керівництво та управління у сфері фондового ринку	86977.4	0.637788946
Забезпечення діяльності Національного антикорупційного бюро України	773556.8	0.622768785
Керівництво та управління у сфері запобігання корупції	162888.3	1.318448237
Фінансування статутної діяльності політичних партій	442399.4	1.733256272
Керівництво та управління у сфері регулювання енергетики та комунальних послуг	104040.8	0.956677849
Керівництво та управління у сфері космічної діяльності	22484.4	0.476433549
Виконання робіт за державними цільовими програмами і державним замовленням у сфері космічної галузі, в тому числі загальнодержавної цільової науково-технічної космічної програми України	29000	-0.83608157
Надання позашкільної освіти Національним центром аерокосмічної освіти молоді ім. О.М. Макарова	7230.5	0.4246402
Управління та випробування космічних засобів	149158	0.183339273
Утилізація твердого ракетного палива	264401	0.050999519
Виконання боргових зобов'язань за кредитом, залученим під державну гарантію для реалізації проекту "Створення Національної супутникової системи зв'язку"	1497262	0.039762239
Виконання державних цільових програм реформування та розвитку оборонно-промислового комплексу, розроблення, освоєння і впровадження нових технологій, нарощування наявних виробничих потужностей на підприємствах космічної галузі для виготовлення продукції оборонного призначення	941200	-
Забезпечення діяльності Державного бюро розслідувань	640684.9	-
Керівництво та управління у сфері розшуку та управління активами, одержаними від корупційних та інших злочинів	40011.7	-
Керівництво та управління здійсненням контролю у сфері телебачення і радіомовлення	47602.2	0.674572209
Інформаційно-аналітичне забезпечення координаційної діяльності у сфері національної безпеки і оборони	128120	0.891385537
Керівництво та управління у сфері контролю за виконанням державного бюджету	149165.9	0.810346639
Забезпечення заходів у сфері безпеки держави та діяльності органів системи Служби безпеки України	6015372	0.119123217
Медичне обслуговування і оздоровлення особового складу та утримання закладів дошкільної освіти Служби безпеки України	162527.1	0.237176221
Підготовка та перепідготовка кадрів Служби безпеки України вищими навчальними закладами III та IV рівнів акредитації	57211.6	0.340572195
Будівництво (придбання) житла для військовослужбовців Служби безпеки України	120100	-0.234039251
Забезпечення заходів спеціальними підрозділами по боротьбі з організованою злочинністю та корупцією Служби безпеки України	31129.1	0.053633958
Видатки для Служби безпеки України на реалізацію заходів щодо підвищення обороноздатності і безпеки держави	100000	-
Координація діяльності у запобіганні терористичним актам та боротьба з тероризмом на території України	11460.2	-0.587061059
Наукова і організаційна діяльність президії Національної академії наук України	81361.8	0.209853601
Фундаментальні дослідження, прикладні наукові і науково-технічні розробки, виконання робіт за державними цільовими програмами і державним замовленням, підготовка наукових кадрів, фінансова підтримка розвитку наукової інфраструктури та наукових об'єктів, що становлять національне надбання, забезпечення діяльності наукових бібліотек	3173890.7	0.246546208
Підготовка кадрів з пріоритетних напрямів науки вищими навчальними закладами ІІІ і ІV рівнів акредитації	3867.2	0.758005697
Медичне обслуговування працівників Національної академії наук України	65284.9	0.585769929
Здійснення науково-дослідницьких та дослідно-конструкторських робіт Інститутом проблем безпеки атомних електростанцій Національної академії наук України	41483.7	0.163290436
Підвищення кваліфікації з пріоритетних напрямів науки та підготовка до державної атестації наукових кадрів Національної академії наук України	9858.2	0.433701066
Наукова і організаційна діяльність президії Національної академії педагогічних наук України	19992.6	0.534442078
Фундаментальні дослідження, прикладні наукові і науково-технічні розробки, виконання робіт за державними цільовими програмами і державним замовленням у сфері педагогічних наук, підготовка наукових кадрів, фінансова підтримка розвитку наукової інфраструктури та об'єктів, що становлять національне надбання	127382.6	0.657922099
Підвищення кваліфікації керівних кадрів і спеціалістів у сфері освіти закладами післядипломної освіти III і IV рівнів акредитації	35382.1	0.449359715
Фундаментальні дослідження, прикладні наукові і науково-технічні розробки, виконання робіт за державними цільовими програмами і державним замовленням у сфері профілактики і лікування хвороб людини, підготовка наукових кадрів, фінансова підтримка розвитку наукової інфраструктури та об'єктів, що становлять національне надбання	220472.3	-0.357834852
Діагностика і лікування захворювань із впровадженням експериментальних та нових медичних технологій, спеціалізована консультативно-поліклінічна допомога, що надається науково-дослідними установами Національної академії медичних наук України	1053548.2	-0.260306538
Наукова і організаційна діяльність президії Національної академії медичних наук України	15553.4	0.418025727
Реалізація пілотного проекту щодо зміни механізму фінансування надання медичної допомоги у окремих науково-дослідних установах Національної академії медичних наук України	200000	-
Реставрація з реабілітацією та пристосуванням клінічного корпусу № 3 ДУ "Інститут нейрохірургії ім. акад. А.П. Ромоданова НАМН України" по вул. Платона Майбороди (Мануїльського), 32 в Шевченківському р-ні м. Києва	90000	0.565399375
Створення сучасної клінічної бази для хірургічного лікування очної патології (недобудованого лікувального корпусу за адресою м. Одеса, Французькій бул., 49/51)	57786.1	-
Будівництво лікувально-реабілітаційного корпусу ДУ "Національний інститут серцево судинної хірургії ім. Амосова НАМНУ"	7009	-
Наукова і організаційна діяльність президії Національної академії мистецтв України	13143.3	0.426812529
Фундаментальні дослідження та підготовка наукових кадрів у сфері мистецтвознавства	10039.2	0.396048534
Наукова і організаційна діяльність президії Національної академії правових наук України	11222.9	0.158095991
Фундаментальні дослідження, прикладні наукові і науково-технічні розробки, виконання робіт за державними цільовими програмами і державним замовленням у сфері законодавства і права, підготовка наукових кадрів, фінансова підтримка розвитку наукової інфраструктури	24688.7	0.286607048
Наукова і організаційна діяльність президії Національної академії аграрних наук України	24763.7	0.103401318
Фундаментальні дослідження, прикладні наукові і науково-технічні розробки, виконання робіт за державними цільовими програмами і державним замовленням у сфері агропромислового комплексу, підготовка наукових кадрів, фінансова підтримка технічного забезпечення наукових установ, розвитку наукової інфраструктури  та об'єктів, що становлять національне надбання	695720.8	0.003176122
Здійснення заходів щодо підтримки науково-дослідних господарств	1527.5	-0.366681869
Збереження природно-заповідного фонду в біосферному заповіднику "Асканія-Нова"	19127.8	0.158804515
Державна охорона органів державної влади та посадових осіб	811918	0.274943195
Будівництво (придбання) житла для військовослужбовців Управління державної охорони України	40000	0.004094018
Керівництво та управління у сфері державного майна	236273.2	0.479297522
Заходи, пов'язані з проведенням приватизації державного майна	20000	0.767224402
Забезпечення розвідувальної діяльності у сфері безпеки держави, спеціального захисту державних представництв за кордоном та діяльності підрозділів системи Служби зовнішньої розвідки України  	982115.7	0.202277816
Будівництво (придбання) житла для військовослужбовців Служби зовнішньої розвідки України	10000	0.000124516
Забезпечення функціонування державної системи спеціального зв'язку та захисту інформації	947902.4	0.277223394
Розвиток і модернізація державної системи спеціального зв'язку та захисту інформації	399221.5	1.33768841
Підготовка кадрів для сфери зв'язку вищими навчальними закладами ІІІ та ІV рівнів акредитації	62342.8	0.253942071
Будівництво (придбання) житла для військовослужбовців Державної служби спеціального зв'язку та захисту інформації України	1000	0.00814404
Видатки для Адміністрації Державної служби спеціального зв’язку та захисту інформації України на реалізацію заходів щодо підвищення обороноздатності і безпеки держави	200000	30962.10746
Доставка дипломатичної кореспонденції за кордон і в Україну	2609.9	0.271577506
Доставка спеціальної службової кореспонденції органам державної влади	115349.9	0.305686796
Керівництво та управління у сфері проведення виборів та референдумів	76625.6	0.133108631
Проведення виборів народних депутатів України 	32167.6	0.118745383
Функціонування Державного реєстру виборців	31426.2	0.032921175
Субвенція з державного бюджету місцевим бюджетам на проведення виборів депутатів місцевих рад та сільських, селищних, міських голів	20000	-0.606867225
Здійснення виконавчої влади у Вінницькій області	359079.9	0.506890725
Здійснення виконавчої влади у Волинській області	222609.4	0.341926302
Здійснення виконавчої влади у Дніпропетровській області	352367.8	0.586841107
Здійснення виконавчої влади у Донецькій області	327478.2	0.308217042
Здійснення виконавчої влади у Житомирській області	299057.4	0.373933567
Здійснення виконавчої влади у Закарпатській області	227598.9	0.411584069
Здійснення виконавчої влади у Запорізькій області	270399.4	0.249390496
Здійснення виконавчої влади в Івано-Франківській області	249783.7	0.519760262
Здійснення виконавчої влади у Київській області	355076.8	0.527351785
Здійснення виконавчої влади у Кіровоградській області	258974	0.581266016
Здійснення виконавчої влади у Луганській області	271174.2	0.291825526
Здійснення виконавчої влади у Львівській області	305744.6	0.250039996
Здійснення виконавчої влади у Миколаївській області	238945.3	0.626782549
Здійснення виконавчої влади в Одеській області	339972	0.621120845
Здійснення виконавчої влади у Полтавській області	288883.8	0.219127819
Здійснення виконавчої влади у Рівненській області	227460.9	0.382945382
Здійснення виконавчої влади у Сумській області	243122.3	0.403825932
Здійснення виконавчої влади у Тернопільській області	246259.2	0.437720625
Здійснення виконавчої влади у Харківській області	379829.5	0.651821287
Здійснення виконавчої влади у Херсонській області	218593.5	0.479423096
Здійснення виконавчої влади у Хмельницькій області	266278	0.576567682
Здійснення виконавчої влади у Черкаській області	257811.9	0.404432643
Здійснення виконавчої влади у Чернівецькій області	167247.5	0.550310033
Здійснення виконавчої влади у Чернігівській області	266245	0.452269991
Керівництво та управління у сфері регуляторної політики та ліцензування	37792.1	0.954497539
